{"width":2000,"height":2000,"cell_size":50,"spawn": [0, 0], "init_dir": 1,"walls":[{"x":401.49999999999943,"y":382.6,"w":381,"h":117}, {"x":238.49999999999943,"y":518.6,"w":715,"h":78}]}