{"width":2000,"height":2000,"cell_size":50,"spawn": [0, 0, 10, 30], "init_dir": "RIGHT","walls":[{"x":511.7,"y":50.099999999999994,"w":180,"h":897}, {"x":122.7,"y":44.099999999999994,"w":248,"h":887}]}