{"width": 2000, "height": 2000, "cell_size": 50, "spawn": [499.5000000000067, 391.2999999999995, 56, 69],"init_dir":"LEFT", "walls": [{"x": 682.9999999999995, "y": 768.6999999999994, "w": 235, "h": 72}, {"x": 812.900000000001, "y": 640.8999999999999, "w": 226, "h": 69}, {"x": 470.5, "y": 506.0, "w": 177, "h": 204}, {"x": 883.8000000000034, "y": 282.5999999999999, "w": 346, "h": 198}]}