{"width": 2000, "height": 2000, "cell_size": 50, "spawn": [300, 0], "init_dir": 1, "walls": [{"x": 159.79999999999998, "y": 1326.8999999999983, "w": 1549, "h": 48}]}